402.905,0.000248605
403.046,0.00248605
403.186,0.00262418
403.327,0.0027899
403.468,0.00287278
403.608,0.00281752
403.749,0.00226507
403.889,0.00179548
404.03,0.000994421
404.17,0.000552456
404.311,0.00030385
404.451,0.000220983
404.591,-2.76228e-05
404.732,-8.28684e-05
404.872,0.000138114
405.012,0.000165737
405.153,2.76228e-05
405.293,8.28684e-05
405.433,0.000138114
405.574,0.00030385
405.714,0.000441966
405.854,0.000497211
405.994,0.000773439
406.135,0.000635326
406.275,0.000856306
406.415,0.00124303
406.555,0.00196122
406.695,0.00212696
406.835,0.00317663
406.976,0.00317663
407.116,0.0037567
407.256,0.00370146
407.396,0.00408817
407.536,0.00403293
407.676,0.00411581
407.816,0.00378432
407.956,0.00392245
408.096,0.0027899
408.236,0.00336999
408.376,0.00309374
408.516,0.00350809
408.655,0.00381194
408.795,0.00433677
408.935,0.00464064
409.075,0.00480636
409.215,0.00480636
409.355,0.00530357
409.494,0.00516547
409.634,0.00560744
409.774,0.00508259
409.914,0.00494449
410.053,0.00494449
410.193,0.00461302
410.333,0.00441966
410.472,0.00469588
410.612,0.00480636
410.752,0.00486163
410.891,0.00430915
411.031,0.0047235
411.17,0.00455776
411.31,0.00475112
411.45,0.00455776
411.589,0.00491687
411.729,0.00480636
411.868,0.00502735
412.007,0.00466826
412.147,0.00508259
412.286,0.00499973
412.426,0.00533119
412.565,0.00494449
412.705,0.00530357
412.844,0.00513785
412.983,0.00508259
413.123,0.00425391
413.262,0.00464064
413.401,0.00439204
413.54,0.00444728
413.68,0.00381194
413.819,0.00397769
413.958,0.00381194
414.097,0.00397769
414.237,0.00389483
414.376,0.00444728
414.515,0.00425391
414.654,0.00453014
414.793,0.00441966
414.932,0.00511023
415.071,0.00524833
415.21,0.00571792
415.349,0.00574554
415.488,0.00627037
415.627,0.00610465
415.766,0.00596653
415.905,0.0056903
416.044,0.00555218
416.183,0.00505497
416.322,0.00499973
416.461,0.00483398
416.6,0.00444728
416.739,0.00397769
416.878,0.00419867
417.016,0.00406055
417.155,0.00436442
417.294,0.00430915
417.433,0.00477874
417.572,0.00461302
417.71,0.00458538
417.849,0.00469588
417.988,0.00486163
418.126,0.00491687
418.265,0.00513785
418.404,0.00491687
418.542,0.0054417
418.681,0.00563506
418.82,0.00580078
418.958,0.00552456
419.097,0.00555218
419.235,0.00555218
419.374,0.00549694
419.512,0.00574554
419.651,0.00588367
419.789,0.00566268
419.928,0.00505497
420.066,0.00483398
420.205,0.00519309
420.343,0.00513785
420.481,0.00533119
420.62,0.00502735
420.758,0.00499973
420.896,0.00475112
421.035,0.00497211
421.173,0.00513785
421.311,0.00538646
421.45,0.00494449
421.588,0.00516547
421.726,0.00469588
421.864,0.00511023
422.002,0.00497211
422.141,0.00527595
422.279,0.00519309
422.417,0.0054417
422.555,0.00535884
422.693,0.00585605
422.831,0.00599415
422.969,0.00632561
423.107,0.00607701
423.245,0.00604939
423.383,0.00624275
423.521,0.00662948
423.659,0.00629799
423.797,0.00682282
423.935,0.00668472
424.073,0.00673996
424.211,0.00690571
424.349,0.00723717
424.487,0.00734768
424.625,0.00734768
424.762,0.00707143
424.9,0.00745816
425.038,0.00687809
425.176,0.00690571
425.314,0.00698857
425.451,0.00732003
425.589,0.00698857
425.727,0.00723717
425.864,0.00715431
426.002,0.00718193
426.14,0.00693333
426.277,0.00726479
426.415,0.0075134
426.553,0.00784489
426.69,0.00754102
426.828,0.00842496
426.965,0.00867357
427.103,0.00922602
427.24,0.00964037
427.378,0.0105519
427.515,0.0111596
427.653,0.0116845
427.79,0.0118502
427.928,0.0129827
428.065,0.0129827
428.202,0.0138114
428.34,0.0146677
428.477,0.0156069
428.615,0.016988
428.752,0.0179824
428.889,0.0192531
429.026,0.021021
429.164,0.0222087
429.301,0.0240319
429.438,0.0261863
429.575,0.0287278
429.713,0.0313795
429.85,0.0335893
429.987,0.037208
430.124,0.0406885
430.261,0.0449148
430.398,0.0491411
430.535,0.054776
430.672,0.0603007
430.81,0.0662948
430.947,0.0727586
431.084,0.0801891
431.221,0.0879235
431.358,0.0971219
431.495,0.106403
431.631,0.117369
431.768,0.128142
431.905,0.139606
432.042,0.152036
432.179,0.165986
432.316,0.179907
432.453,0.195514
432.59,0.211204
432.726,0.227861
432.863,0.244987
433,0.263467
433.137,0.282582
433.273,0.302607
433.41,0.322496
433.547,0.345064
433.684,0.366472
433.82,0.389343
433.957,0.412546
434.093,0.437215
434.23,0.461963
434.367,0.487736
434.503,0.51464
434.64,0.542787
434.776,0.57309
434.913,0.601873
435.049,0.630739
435.186,0.661014
435.322,0.691262
435.459,0.722835
435.595,0.754932
435.732,0.786726
435.868,0.819155
436.004,0.849208
436.141,0.882161
436.277,0.91669
436.413,0.951855
436.55,0.987184
436.686,1.02268
436.822,1.05842
436.959,1.09502
437.095,1.13187
437.231,1.16958
437.367,1.20789
437.503,1.24576
437.64,1.28294
437.776,1.32054
437.912,1.35739
438.048,1.39426
438.184,1.43078
438.32,1.46699
438.456,1.50348
438.592,1.54014
438.728,1.57624
438.864,1.61168
439,1.64828
439.136,1.68505
439.272,1.72062
439.408,1.75648
439.544,1.79291
439.68,1.82764
439.816,1.86399
439.952,1.89962
440.088,1.93578
440.223,1.9702
440.359,2.00542
440.495,2.04188
440.631,2.07787
440.766,2.11287
440.902,2.14809
441.038,2.1822
441.174,2.21646
441.309,2.24974
441.445,2.28355
441.581,2.3159
441.716,2.34893
441.852,2.38147
441.987,2.41316
442.123,2.44545
442.259,2.47779
442.394,2.51156
442.53,2.54572
442.665,2.57858
442.801,2.61108
442.936,2.64188
443.072,2.67243
443.207,2.70383
443.342,2.73389
443.478,2.76307
443.613,2.79109
443.749,2.81869
443.884,2.84882
444.019,2.87887
444.155,2.91085
444.29,2.94277
444.425,2.97687
444.56,3.01081
444.696,3.04512
444.831,3.07937
444.966,3.11597
445.101,3.15087
445.237,3.18742
445.372,3.22439
445.507,3.2613
445.642,3.29621
445.777,3.33288
445.912,3.3683
446.047,3.40607
446.182,3.44261
446.317,3.4812
446.452,3.52075
446.587,3.55903
446.722,3.59884
446.857,3.64035
446.992,3.68078
447.127,3.72259
447.262,3.76137
447.397,3.79842
447.532,3.83451
447.667,3.86676
447.801,3.90002
447.936,3.93274
448.071,3.96468
448.206,3.99524
448.341,4.02631
448.475,4.05774
448.61,4.08978
448.745,4.12158
448.879,4.1539
449.014,4.18656
449.149,4.21829
449.283,4.24717
449.418,4.27803
449.553,4.30659
449.687,4.33277
449.822,4.35947
449.956,4.3843
450.091,4.40703
450.225,4.42726
450.36,4.4433
450.494,4.45846
450.629,4.47149
450.763,4.4827
450.898,4.49468
451.032,4.50257
451.167,4.50888
451.301,4.51589
451.435,4.52153
451.57,4.52964
451.704,4.53744
451.838,4.54398
451.973,4.5495
452.107,4.55276
452.241,4.55621
452.375,4.55875
452.509,4.5625
452.644,4.56325
452.778,4.5626
452.912,4.56432
453.046,4.56623
453.18,4.56755
453.314,4.57327
453.448,4.57789
453.583,4.58147
453.717,4.5809
453.851,4.58324
453.985,4.58597
454.119,4.58557
454.253,4.58279
454.387,4.58197
454.521,4.5768
454.654,4.57225
454.788,4.56773
454.922,4.56429
455.056,4.55753
455.19,4.55
455.324,4.54234
455.458,4.53635
455.592,4.52817
455.725,4.51989
455.859,4.51074
455.993,4.50078
456.127,4.49255
456.26,4.48355
456.394,4.47323
456.528,4.46053
456.661,4.44757
456.795,4.43333
456.929,4.4206
457.062,4.40911
457.196,4.40002
457.329,4.39243
457.463,4.38657
457.596,4.38224
457.73,4.38115
457.863,4.37687
457.997,4.37406
458.13,4.371
458.264,4.37083
458.397,4.36645
458.531,4.36046
458.664,4.35604
458.798,4.35059
458.931,4.34537
459.064,4.34366
459.198,4.34214
459.331,4.33998
459.464,4.33501
459.597,4.33192
459.731,4.32757
459.864,4.32173
459.997,4.31574
460.13,4.30719
460.264,4.29791
460.397,4.28911
460.53,4.28071
460.663,4.27094
460.796,4.26139
460.929,4.25254
461.062,4.24322
461.195,4.23134
461.328,4.22055
461.461,4.20625
461.594,4.19191
461.727,4.17291
461.86,4.15392
461.993,4.13523
462.126,4.11516
462.259,4.0958
462.392,4.07936
462.525,4.06241
462.658,4.04906
462.791,4.03472
462.924,4.02219
463.056,4.00998
463.189,3.99837
463.322,3.98485
463.455,3.97202
463.587,3.95737
463.72,3.94323
463.853,3.93028
463.986,3.91524
464.118,3.90231
464.251,3.89047
464.383,3.87678
464.516,3.86673
464.649,3.85545
464.781,3.84533
464.914,3.83551
465.046,3.8234
465.179,3.81408
465.311,3.8049
465.444,3.79548
465.576,3.78778
465.709,3.77925
465.841,3.76943
465.974,3.76259
466.106,3.75489
466.239,3.74765
466.371,3.74066
466.503,3.7351
466.636,3.72965
466.768,3.72441
466.9,3.71914
467.032,3.71705
467.165,3.71173
467.297,3.70735
467.429,3.70342
467.561,3.70146
467.694,3.69726
467.826,3.69405
467.958,3.69194
468.09,3.69099
468.222,3.68801
468.354,3.68572
468.486,3.6846
468.618,3.68535
468.75,3.68388
468.883,3.68416
469.015,3.68391
469.147,3.68209
469.279,3.68025
469.41,3.68033
469.542,3.68182
469.674,3.68336
469.806,3.68431
469.938,3.68535
470.07,3.68533
470.202,3.68632
470.334,3.68955
470.466,3.69154
470.597,3.69308
470.729,3.69447
470.861,3.69552
470.993,3.69579
471.124,3.69768
471.256,3.70059
471.388,3.70387
471.519,3.70531
471.651,3.70939
471.783,3.71441
471.914,3.71849
472.046,3.72282
472.178,3.72707
472.309,3.73025
472.441,3.73271
472.572,3.73487
472.704,3.73828
472.835,3.74069
472.967,3.74372
473.098,3.7485
473.23,3.75337
473.361,3.75934
473.492,3.76654
473.624,3.77234
473.755,3.78012
473.887,3.78842
474.018,3.79568
474.149,3.80413
474.281,3.81341
474.412,3.82136
474.543,3.83021
474.674,3.84021
474.806,3.85157
474.937,3.86223
475.068,3.87195
475.199,3.88436
475.33,3.89413
475.461,3.90487
475.593,3.91829
475.724,3.93005
475.855,3.94221
475.986,3.95658
476.117,3.96846
476.248,3.98174
476.379,3.99233
476.51,4.00202
476.641,4.0105
476.772,4.01687
476.903,4.02619
477.034,4.03273
477.165,4.04018
477.296,4.04963
477.427,4.05779
477.557,4.06716
477.688,4.07733
477.819,4.0866
477.95,4.09771
478.081,4.10853
478.211,4.12031
478.342,4.13006
478.473,4.1407
478.604,4.1525
478.734,4.16429
478.865,4.17776
478.996,4.19238
479.126,4.20695
479.257,4.21968
479.388,4.23541
479.518,4.24968
479.649,4.26274
479.779,4.27527
479.91,4.28735
480.04,4.29861
480.171,4.30923
480.301,4.32046
480.432,4.33299
480.562,4.34241
480.693,4.35477
480.823,4.36735
480.954,4.3802
481.084,4.39328
481.214,4.40561
481.345,4.41632
481.475,4.42468
481.605,4.43112
481.736,4.4388
481.866,4.44402
481.996,4.44939
482.126,4.45394
482.257,4.46043
482.387,4.46629
482.517,4.47293
482.647,4.48039
482.777,4.48832
482.907,4.49297
483.038,4.50053
483.168,4.50624
483.298,4.51234
483.428,4.51718
483.558,4.52313
483.688,4.53011
483.818,4.537
483.948,4.54269
484.078,4.55117
484.208,4.55713
484.338,4.56474
484.468,4.57116
484.598,4.57754
484.727,4.58433
484.857,4.59164
484.987,4.59788
485.117,4.60606
485.247,4.61359
485.377,4.61909
485.506,4.62172
485.636,4.6257
485.766,4.62714
485.896,4.62814
486.025,4.62679
486.155,4.62627
486.285,4.62585
486.414,4.62398
486.544,4.62299
486.674,4.62324
486.803,4.6209
486.933,4.62018
487.062,4.61784
487.192,4.61608
487.321,4.61242
487.451,4.6084
487.58,4.60345
487.71,4.59972
487.839,4.59467
487.969,4.59005
488.098,4.58505
488.228,4.58108
488.357,4.57528
488.486,4.57026
488.616,4.5628
488.745,4.55741
488.874,4.54903
489.004,4.54003
489.133,4.53173
489.262,4.52166
489.391,4.51114
489.521,4.49956
489.65,4.48854
489.779,4.47865
489.908,4.46605
490.037,4.45555
490.167,4.44554
490.296,4.43273
490.425,4.42048
490.554,4.40603
490.683,4.39412
490.812,4.37975
490.941,4.36511
491.07,4.35206
491.199,4.33965
491.328,4.32802
491.457,4.31835
491.586,4.30632
491.715,4.29635
491.844,4.28454
491.973,4.2742
492.102,4.26316
492.23,4.25182
492.359,4.23929
492.488,4.22515
492.617,4.20842
492.746,4.19589
492.874,4.17958
493.003,4.16237
493.132,4.1445
493.261,4.12784
493.389,4.10992
493.518,4.08978
493.647,4.07071
493.775,4.05368
493.904,4.03402
494.033,4.01679
494.161,3.99842
494.29,3.98127
494.418,3.96083
494.547,3.939
494.675,3.91807
494.804,3.89699
494.932,3.87797
495.061,3.8591
495.189,3.84254
495.318,3.82745
495.446,3.80965
495.574,3.79449
495.703,3.7794
495.831,3.76493
495.96,3.74981
496.088,3.73316
496.216,3.71583
496.344,3.69708
496.473,3.67896
496.601,3.66365
496.729,3.64704
496.857,3.6321
496.986,3.61621
497.114,3.60082
497.242,3.58603
497.37,3.57171
497.498,3.55627
497.626,3.54059
497.754,3.52085
497.883,3.50218
498.011,3.4841
498.139,3.46757
498.267,3.44975
498.395,3.4316
498.523,3.4139
498.651,3.39669
498.779,3.37914
498.906,3.36607
499.034,3.35202
499.162,3.33725
499.29,3.32184
499.418,3.30859
499.546,3.29377
499.674,3.27818
499.802,3.26421
499.929,3.25245
500.057,3.23935
500.185,3.22737
500.313,3.21521
500.44,3.20517
500.568,3.19416
500.696,3.18419
500.823,3.17509
500.951,3.16402
501.079,3.15112
501.206,3.14003
501.334,3.12753
501.461,3.11778
501.589,3.10555
501.717,3.09471
501.844,3.08298
501.972,3.07132
502.099,3.06031
502.227,3.05014
502.354,3.03905
502.481,3.02901
502.609,3.0164
502.736,3.00457
502.864,2.99425
502.991,2.98351
503.118,2.97412
503.246,2.96323
503.373,2.95326
503.5,2.94279
503.628,2.93148
503.755,2.92104
503.882,2.91127
504.009,2.89941
504.136,2.89006
504.264,2.88004
504.391,2.87099
504.518,2.86267
504.645,2.85384
504.772,2.84668
504.899,2.83984
505.026,2.83316
505.154,2.82647
505.281,2.81928
505.408,2.8122
505.535,2.80603
505.662,2.79788
505.789,2.79144
505.916,2.78433
506.042,2.77884
506.169,2.77148
506.296,2.76559
506.423,2.75982
506.55,2.7536
506.677,2.74642
506.804,2.74154
506.931,2.73498
507.057,2.72966
507.184,2.72392
507.311,2.7189
507.438,2.71318
507.564,2.70709
507.691,2.70239
507.818,2.69881
507.944,2.69366
508.071,2.6909
508.198,2.6866
508.324,2.6827
508.451,2.67927
508.578,2.67509
508.704,2.67141
508.831,2.66731
508.957,2.66423
509.084,2.66309
509.21,2.66025
509.337,2.65776
509.463,2.65319
509.59,2.64988
509.716,2.64782
509.842,2.64526
509.969,2.64275
510.095,2.63989
510.222,2.63696
510.348,2.63437
510.474,2.63169
510.6,2.6301
510.727,2.62865
510.853,2.62612
510.979,2.62398
511.106,2.62356
511.232,2.62249
511.358,2.61965
511.484,2.6196
511.61,2.61888
511.736,2.61903
511.863,2.61841
511.989,2.62003
512.115,2.62221
512.241,2.6212
512.367,2.62085
512.493,2.62177
512.619,2.62157
512.745,2.62259
512.871,2.62445
512.997,2.62729
513.123,2.6285
513.249,2.63069
513.375,2.6329
513.501,2.63522
513.626,2.63624
513.752,2.63673
513.878,2.63703
514.004,2.63624
514.13,2.63576
514.256,2.63706
514.381,2.63606
514.507,2.63716
514.633,2.63795
514.758,2.63987
514.884,2.64103
515.01,2.64307
515.136,2.64342
515.261,2.64327
515.387,2.6426
515.512,2.64387
515.638,2.64471
515.764,2.64511
515.889,2.64531
516.015,2.64563
516.14,2.6463
516.266,2.64986
516.391,2.65259
516.517,2.65488
516.642,2.65689
516.768,2.65953
516.893,2.66092
517.018,2.66478
517.144,2.66776
517.269,2.67059
517.394,2.67176
517.52,2.67353
517.645,2.67549
517.77,2.67703
517.896,2.67763
518.021,2.6825
518.146,2.68315
518.271,2.68534
518.397,2.68747
518.522,2.68867
518.647,2.68986
518.772,2.68959
518.897,2.69115
519.022,2.69165
519.147,2.69008
519.272,2.69011
519.397,2.69061
519.523,2.69125
519.648,2.69287
519.773,2.69346
519.898,2.69486
520.023,2.69583
520.147,2.69836
520.272,2.70035
520.397,2.70135
520.522,2.70383
520.647,2.70468
520.772,2.70662
520.897,2.7097
521.022,2.71201
521.146,2.7133
521.271,2.71422
521.396,2.71383
521.521,2.71507
521.646,2.7143
521.77,2.71537
521.895,2.71467
522.02,2.71567
522.144,2.71698
522.269,2.718
522.394,2.71872
522.518,2.72026
522.643,2.72096
522.767,2.72004
522.892,2.71897
523.017,2.71944
523.141,2.71646
523.266,2.71475
523.39,2.71251
523.515,2.71097
523.639,2.71005
523.763,2.709
523.888,2.70915
524.012,2.70831
524.137,2.70689
524.261,2.70607
524.385,2.70435
524.51,2.70304
524.634,2.70217
524.758,2.70137
524.883,2.69938
525.007,2.69712
525.131,2.69555
525.255,2.69359
525.379,2.6923
525.504,2.69013
525.628,2.68782
525.752,2.68327
525.876,2.67944
526,2.67596
526.124,2.67216
526.248,2.66793
526.373,2.66351
526.497,2.65888
526.621,2.65483
526.745,2.65061
526.869,2.6467
526.993,2.64118
527.117,2.63544
527.24,2.63034
527.364,2.62458
527.488,2.61781
527.612,2.6117
527.736,2.60581
527.86,2.59957
527.984,2.59335
528.108,2.58738
528.231,2.58308
528.355,2.57761
528.479,2.57212
528.603,2.5673
528.726,2.56088
528.85,2.55432
528.974,2.54798
529.097,2.54147
529.221,2.53545
529.345,2.52727
529.468,2.51937
529.592,2.51191
529.716,2.50328
529.839,2.49567
529.963,2.48777
530.086,2.47826
530.21,2.46959
530.333,2.46034
530.457,2.45274
530.58,2.44503
530.704,2.43641
530.827,2.42763
530.95,2.41934
531.074,2.4099
531.197,2.40142
531.321,2.39244
531.444,2.38272
531.567,2.37316
531.691,2.36366
531.814,2.35465
531.937,2.34816
532.06,2.33899
532.184,2.33078
532.307,2.32189
532.43,2.31283
532.553,2.30416
532.676,2.29499
532.799,2.28529
532.923,2.27551
533.046,2.26399
533.169,2.25441
533.292,2.24333
533.415,2.23394
533.538,2.22444
533.661,2.21563
533.784,2.20662
533.907,2.19698
534.03,2.18643
534.153,2.17648
534.276,2.16701
534.399,2.15654
534.522,2.14596
534.645,2.13684
534.767,2.12511
534.89,2.11419
535.013,2.10381
535.136,2.09367
535.259,2.08373
535.381,2.07362
535.504,2.06459
535.627,2.05483
535.75,2.04414
535.872,2.03448
535.995,2.02492
536.118,2.01591
536.24,2.00619
536.363,1.99613
536.486,1.98633
536.608,1.97782
536.731,1.96923
536.853,1.95967
536.976,1.95136
537.098,1.94285
537.221,1.93365
537.343,1.9257
537.466,1.91785
537.588,1.90813
537.711,1.89799
537.833,1.88896
537.955,1.87954
538.078,1.87029
538.2,1.86056
538.323,1.85089
538.445,1.84123
538.567,1.83073
538.69,1.8215
538.812,1.81164
538.934,1.80164
539.056,1.79234
539.178,1.78286
539.301,1.77256
539.423,1.76325
539.545,1.75474
539.667,1.74634
539.789,1.73692
539.911,1.72808
540.034,1.71806
540.156,1.70922
540.278,1.69941
540.4,1.69118
540.522,1.68264
540.644,1.67438
540.766,1.66629
540.888,1.65812
541.01,1.65093
541.132,1.64386
541.254,1.63522
541.375,1.62925
541.497,1.62099
541.619,1.61348
541.741,1.60455
541.863,1.59657
541.985,1.58994
542.106,1.58212
542.228,1.57458
542.35,1.56757
542.472,1.55964
542.593,1.55331
542.715,1.54552
542.837,1.53889
542.959,1.53055
543.08,1.52263
543.202,1.51517
543.323,1.50851
543.445,1.50213
543.567,1.49451
543.688,1.48779
543.81,1.48141
543.931,1.47406
544.053,1.46818
544.174,1.46252
544.296,1.45622
544.417,1.45011
544.539,1.4439
544.66,1.43868
544.781,1.431
544.903,1.42484
545.024,1.4189
545.146,1.41282
545.267,1.40688
545.388,1.40169
545.51,1.39611
545.631,1.39006
545.752,1.38407
545.873,1.3794
545.995,1.37446
546.116,1.3691
546.237,1.36415
546.358,1.35932
546.479,1.35385
546.6,1.34794
546.722,1.34321
546.843,1.33766
546.964,1.33316
547.085,1.32739
547.206,1.32228
547.327,1.31639
547.448,1.30976
547.569,1.30479
547.69,1.29941
547.811,1.29344
547.932,1.28913
548.053,1.2838
548.174,1.27877
548.294,1.27465
548.415,1.27018
548.536,1.26548
548.657,1.2601
548.778,1.25535
548.899,1.25165
549.019,1.24648
549.14,1.2427
549.261,1.23886
549.382,1.23402
549.502,1.23029
549.623,1.22637
549.744,1.22231
549.864,1.21864
549.985,1.21446
550.106,1.21024
550.226,1.20541
550.347,1.20046
550.467,1.1967
550.588,1.19234
550.709,1.18905
550.829,1.18618
550.95,1.18416
551.07,1.18148
551.191,1.17891
551.311,1.1764
551.431,1.17541
551.552,1.17372
551.672,1.17231
551.793,1.17057
551.913,1.16891
552.033,1.16585
552.154,1.16314
552.274,1.16148
552.394,1.15856
552.514,1.15458
552.635,1.1511
552.755,1.14789
552.875,1.14425
552.995,1.14121
553.116,1.1385
553.236,1.13546
553.356,1.13331
553.476,1.13099
553.596,1.12919
553.716,1.1266
553.836,1.12397
553.956,1.1214
554.076,1.11776
554.196,1.11436
554.316,1.11229
554.436,1.10878
554.556,1.10704
554.676,1.10411
554.796,1.10251
554.916,1.1003
555.036,1.09812
555.156,1.09674
555.276,1.09525
555.396,1.09389
555.515,1.09138
555.635,1.08956
555.755,1.08804
555.875,1.08607
555.995,1.08483
556.114,1.0829
556.234,1.08116
556.354,1.08024
556.473,1.07817
556.593,1.07768
556.713,1.07635
556.832,1.07483
556.952,1.07312
557.072,1.07138
557.191,1.07083
557.311,1.06967
557.43,1.06773
557.55,1.06682
557.669,1.06533
557.789,1.06284
557.908,1.06163
558.028,1.06072
558.147,1.06027
558.267,1.05936
558.386,1.0595
558.505,1.05914
558.625,1.05862
558.744,1.05928
558.863,1.0597
558.983,1.06036
559.102,1.06077
559.221,1.06072
559.34,1.0605
559.46,1.05881
559.579,1.05795
559.698,1.05621
559.817,1.05392
559.937,1.05254
560.056,1.05058
560.175,1.0487
560.294,1.04685
560.413,1.04599
560.532,1.04516
560.651,1.04469
560.77,1.04489
560.889,1.04461
561.008,1.04445
561.127,1.04503
561.246,1.04409
561.365,1.04378
561.484,1.04326
561.603,1.04243
561.722,1.04182
561.841,1.04083
561.96,1.04058
562.079,1.03992
562.197,1.03876
562.316,1.03785
562.435,1.03732
562.554,1.03688
562.672,1.03646
562.791,1.03403
562.91,1.03315
563.029,1.03196
563.147,1.03028
563.266,1.02801
563.385,1.02765
563.503,1.02646
563.622,1.02558
563.741,1.02417
563.859,1.02505
563.978,1.0247
564.096,1.02356
564.215,1.02359
564.333,1.02356
564.452,1.02351
564.57,1.02282
564.689,1.02166
564.807,1.02213
564.926,1.02182
565.044,1.02188
565.162,1.02284
565.281,1.02378
565.399,1.02486
565.517,1.02406
565.636,1.02395
565.754,1.02417
565.872,1.02331
565.991,1.02315
566.109,1.02315
566.227,1.02243
566.345,1.02099
566.463,1.01961
566.582,1.01826
566.7,1.01818
566.818,1.01677
566.936,1.01657
567.054,1.01541
567.172,1.01426
567.29,1.01337
567.408,1.01285
567.526,1.01279
567.644,1.01379
567.762,1.01274
567.88,1.01356
567.998,1.0126
568.116,1.01293
568.234,1.01224
568.352,1.01091
568.47,1.01122
568.588,1.00975
568.706,1.00876
568.824,1.00804
568.941,1.00611
569.059,1.00644
569.177,1.0047
569.295,1.00387
569.413,1.00323
569.53,1.00116
569.648,1.00111
569.766,1.00089
569.883,1
570.001,0.999809
570.119,0.99862
570.236,0.997929
570.354,0.997017
570.472,0.995858
570.589,0.994891
570.707,0.992875
570.824,0.989974
570.942,0.988455
571.059,0.986575
571.177,0.984035
571.294,0.982379
571.412,0.98039
571.529,0.977571
571.646,0.975582
571.764,0.972489
571.881,0.971192
571.999,0.971162
572.116,0.968982
572.233,0.966744
572.351,0.965389
572.468,0.963042
572.585,0.962048
572.702,0.959368
572.82,0.958704
572.937,0.956715
573.054,0.952489
573.171,0.950585
573.288,0.948981
573.405,0.94611
573.523,0.9447
573.64,0.943042
573.757,0.94249
573.874,0.940419
573.991,0.93763
574.108,0.935944
574.225,0.933237
574.342,0.931524
574.459,0.929232
574.576,0.927325
574.693,0.923899
574.81,0.921277
574.927,0.918457
575.044,0.916966
575.161,0.915447
575.277,0.913983
575.394,0.911775
575.511,0.909702
575.628,0.906803
575.745,0.905972
575.861,0.903404
575.978,0.901746
576.095,0.899427
576.212,0.896859
576.328,0.894649
576.445,0.892327
576.562,0.889786
576.678,0.887272
576.795,0.885062
576.912,0.883377
577.028,0.882106
577.145,0.880366
577.261,0.878047
577.378,0.875479
577.494,0.873378
577.611,0.870974
577.727,0.869539
577.844,0.866805
577.96,0.864179
578.077,0.860505
578.193,0.857743
578.31,0.855342
578.426,0.852965
578.542,0.850618
578.659,0.848408
578.775,0.845258
578.891,0.84233
579.008,0.838934
579.124,0.836418
579.24,0.833877
579.356,0.83026
579.473,0.826889
579.589,0.823353
579.705,0.820425
579.821,0.817193
579.937,0.814292
580.054,0.811448
580.17,0.808574
580.286,0.805011
580.402,0.801919
580.518,0.798548
580.634,0.795179
580.75,0.791726
580.866,0.78794
580.982,0.783853
581.098,0.780014
581.214,0.775703
581.33,0.771092
581.446,0.767029
581.562,0.76377
581.678,0.760014
581.793,0.755927
581.909,0.752695
582.025,0.749463
582.141,0.745983
582.257,0.742942
582.373,0.739795
582.488,0.736672
582.604,0.732916
582.72,0.729796
582.835,0.726783
582.951,0.722778
583.067,0.718967
583.182,0.714658
583.298,0.710293
583.414,0.707392
583.529,0.704687
583.645,0.701455
583.76,0.697311
583.876,0.694215
583.992,0.691565
584.107,0.688664
584.223,0.686069
584.338,0.683113
584.454,0.67999
584.569,0.676537
584.684,0.67292
584.8,0.670046
584.915,0.666262
585.031,0.662312
585.146,0.658638
585.261,0.656124
585.377,0.653583
585.492,0.649854
585.607,0.645849
585.722,0.642811
585.838,0.639744
585.953,0.636899
586.068,0.635132
586.183,0.632922
586.298,0.629441
586.414,0.626761
586.529,0.623917
586.644,0.620822
586.759,0.617481
586.874,0.613973
586.989,0.610381
587.104,0.606652
587.219,0.602343
587.334,0.598393
587.449,0.593366
587.564,0.59008
587.679,0.586239
587.794,0.582786
587.909,0.579748
588.024,0.576819
588.139,0.573145
588.254,0.570549
588.369,0.568948
588.483,0.566793
588.598,0.563258
588.713,0.560772
588.828,0.558534
588.943,0.555854
589.057,0.552125
589.172,0.549527
589.287,0.54638
589.402,0.542402
589.516,0.539143
589.631,0.536381
589.746,0.53428
589.86,0.531821
589.975,0.529584
590.089,0.528562
590.204,0.525718
590.319,0.523205
590.433,0.520028
590.548,0.517208
590.662,0.514392
590.777,0.511023
590.891,0.507819
591.005,0.504835
591.12,0.50094
591.234,0.498066
591.349,0.494503
591.463,0.492157
591.577,0.489089
591.692,0.486327
591.806,0.483537
591.92,0.480997
592.035,0.477404
592.149,0.475306
592.263,0.472184
592.377,0.470085
592.492,0.467157
592.606,0.46525
592.72,0.462351
592.834,0.460002
592.948,0.45724
593.063,0.455527
593.177,0.45271
593.291,0.450749
593.405,0.449312
593.519,0.447711
593.633,0.445391
593.747,0.443788
593.861,0.442102
593.975,0.440362
594.089,0.437685
594.203,0.435502
594.317,0.432601
594.431,0.429396
594.545,0.427407
594.659,0.425142
594.772,0.422711
594.886,0.420252
595,0.41796
595.114,0.415723
595.228,0.413485
595.341,0.412242
595.455,0.410365
595.569,0.407658
595.683,0.405642
595.796,0.403735
595.91,0.401525
596.024,0.399785
596.137,0.398375
596.251,0.396498
596.365,0.394039
596.478,0.392936
596.592,0.391359
596.705,0.389704
596.819,0.387934
596.932,0.386581
597.046,0.38462
597.159,0.382631
597.273,0.380945
597.386,0.379566
597.5,0.376804
597.613,0.374897
597.727,0.373902
597.84,0.372411
597.953,0.370395
598.067,0.367963
598.18,0.36592
598.293,0.364483
598.407,0.363294
598.52,0.36183
598.633,0.359953
598.746,0.357191
598.86,0.355312
598.973,0.353296
599.086,0.351334
599.199,0.350203
599.312,0.348545
599.426,0.346695
599.539,0.345367
599.652,0.344097
599.765,0.343269
599.878,0.341942
599.991,0.340286
600.104,0.339319
600.217,0.337164
600.33,0.334789
600.443,0.332855
600.556,0.330645
600.669,0.328547
600.782,0.326528
600.895,0.324706
601.008,0.323326
601.12,0.32175
601.233,0.320122
601.346,0.318961
601.459,0.31769
601.572,0.316529
601.685,0.316032
601.797,0.314928
601.91,0.314043
602.023,0.312885
602.136,0.311806
602.248,0.310453
602.361,0.309098
602.474,0.307497
602.586,0.306172
602.699,0.304266
602.811,0.303159
602.924,0.302083
603.037,0.30073
603.149,0.299597
603.262,0.298851
603.374,0.297774
603.487,0.297305
603.599,0.296144
603.712,0.295261
603.824,0.293851
603.936,0.292442
604.049,0.291311
604.161,0.290177
604.274,0.28874
604.386,0.288079
604.498,0.287
604.611,0.286751
604.723,0.285757
604.835,0.285068
604.948,0.283962
605.06,0.283577
605.172,0.282112
605.284,0.281476
605.396,0.280372
605.509,0.279514
605.621,0.27852
605.733,0.277665
605.845,0.276946
605.957,0.276394
606.069,0.275261
606.181,0.274848
606.293,0.273439
606.405,0.272113
606.517,0.271034
606.629,0.270316
606.741,0.269406
606.853,0.26866
606.965,0.267693
607.077,0.267278
607.189,0.266062
607.301,0.266256
607.413,0.26609
607.525,0.264931
607.637,0.264019
607.748,0.263661
607.86,0.262582
607.972,0.261505
608.084,0.259711
608.196,0.258965
608.307,0.257776
608.419,0.256394
608.531,0.255897
608.642,0.25529
608.754,0.25402
608.866,0.253026
608.977,0.252058
609.089,0.251947
609.201,0.251728
609.312,0.25181
609.424,0.251561
609.535,0.250318
609.647,0.248993
609.758,0.24866
609.87,0.247638
609.981,0.246893
610.093,0.246313
610.204,0.245373
610.315,0.244075
610.427,0.243136
610.538,0.242832
610.65,0.242805
610.761,0.241865
610.872,0.241865
610.984,0.241562
611.095,0.240899
611.206,0.24018
611.317,0.239517
611.429,0.238606
611.54,0.238302
611.651,0.23728
611.762,0.237142
611.873,0.236783
611.985,0.2367
612.096,0.236258
612.207,0.236285
612.318,0.23565
612.429,0.23554
612.54,0.234822
612.651,0.234628
612.762,0.233661
612.873,0.232998
612.984,0.232308
613.095,0.231921
613.206,0.230872
613.317,0.230209
613.428,0.230098
613.539,0.230181
613.65,0.22938
613.761,0.229629
613.871,0.22949
613.982,0.229242
614.093,0.228496
614.204,0.228772
614.315,0.22891
614.425,0.228607
614.536,0.228192
614.647,0.227999
614.758,0.226977
614.868,0.226286
614.979,0.225761
615.09,0.22543
615.2,0.224684
615.311,0.224132
615.421,0.223469
615.532,0.222833
615.643,0.222889
615.753,0.223441
615.864,0.222999
615.974,0.223662
616.085,0.22438
616.195,0.224573
616.306,0.22438
616.416,0.224822
616.526,0.225126
616.637,0.225872
616.747,0.225375
616.858,0.225816
616.968,0.225375
617.078,0.224988
617.189,0.225264
617.299,0.226286
617.409,0.226037
617.519,0.226231
617.63,0.225789
617.74,0.226065
617.85,0.226258
617.96,0.225734
618.071,0.225595
618.181,0.225899
618.291,0.225678
618.401,0.226231
618.511,0.226286
618.621,0.2267
618.731,0.226645
618.841,0.22659
618.951,0.226866
619.061,0.227722
619.171,0.22764
619.281,0.228247
619.391,0.22833
619.501,0.228827
619.611,0.228966
619.721,0.229573
619.831,0.230347
619.941,0.231286
620.051,0.231479
620.16,0.231617
620.27,0.231866
620.38,0.232225
620.49,0.23228
620.6,0.232225
620.709,0.232639
620.819,0.233026
620.929,0.232998
621.039,0.23333
621.148,0.233496
621.258,0.233993
621.368,0.23391
621.477,0.233993
621.587,0.234628
621.696,0.234739
621.806,0.234573
621.915,0.234987
622.025,0.234904
622.135,0.235319
622.244,0.234269
622.353,0.23496
622.463,0.235346
622.572,0.235761
622.682,0.23612
622.791,0.236589
622.901,0.236976
623.01,0.237335
623.119,0.237308
623.229,0.238551
623.338,0.238413
623.447,0.238578
623.557,0.238026
623.666,0.238026
623.775,0.23786
623.884,0.238136
623.994,0.237888
624.103,0.238551
624.212,0.237694
624.321,0.237501
624.43,0.237694
624.539,0.23833
624.649,0.238689
624.758,0.239269
624.867,0.239103
624.976,0.240042
625.085,0.240098
625.194,0.241396
625.303,0.242473
625.412,0.242998
625.521,0.242805
625.63,0.242666
625.739,0.242887
625.848,0.243136
625.956,0.242915
626.065,0.243053
626.174,0.24286
626.283,0.243026
626.392,0.242943
626.501,0.24344
626.609,0.243827
626.718,0.244103
626.827,0.244572
626.936,0.245208
627.044,0.246174
627.153,0.246672
627.262,0.246589
627.37,0.247528
627.479,0.248108
627.588,0.248909
627.696,0.249461
627.805,0.250124
627.914,0.250291
628.022,0.250594
628.131,0.251009
628.239,0.252416
628.348,0.252474
628.456,0.252941
628.565,0.253162
628.673,0.253411
628.782,0.253935
628.89,0.254711
628.998,0.254545
629.107,0.255733
629.215,0.256312
629.323,0.257831
629.432,0.258301
629.54,0.259268
629.648,0.260344
629.757,0.261615
629.865,0.262197
629.973,0.264128
630.081,0.264571
630.19,0.265593
630.298,0.266478
630.406,0.267942
630.514,0.268964
630.622,0.269958
630.73,0.271062
630.838,0.272859
630.947,0.273548
631.055,0.275012
631.163,0.275097
631.271,0.276146
631.379,0.276837
631.487,0.278329
631.595,0.279599
631.703,0.280593
631.811,0.280842
631.918,0.282361
632.026,0.283216
632.134,0.284847
632.242,0.285787
632.35,0.287994
632.458,0.288907
632.566,0.290177
632.673,0.290923
632.781,0.29236
632.889,0.292802
632.997,0.293824
633.104,0.29504
633.212,0.296256
633.32,0.295813
633.427,0.296668
633.535,0.296696
633.643,0.297332
633.75,0.297747
633.858,0.298657
633.966,0.299211
634.073,0.299651
634.181,0.299487
634.288,0.300673
634.396,0.300922
634.503,0.301862
634.611,0.302028
634.718,0.303105
634.826,0.303216
634.933,0.303823
635.04,0.303935
635.148,0.304211
635.255,0.303768
635.363,0.303796
635.47,0.303381
635.577,0.303438
635.684,0.30399
635.792,0.303796
635.899,0.302692
636.006,0.302471
636.114,0.302138
636.221,0.302249
636.328,0.302055
636.435,0.301889
636.542,0.301725
636.649,0.300315
636.757,0.299403
636.864,0.299239
636.971,0.298381
637.078,0.297829
637.185,0.29678
637.292,0.295786
637.399,0.294955
637.506,0.294267
637.613,0.292636
637.72,0.292278
637.827,0.291117
637.934,0.290344
638.041,0.288382
638.147,0.287885
638.254,0.286448
638.361,0.285096
638.468,0.282664
638.575,0.281752
638.682,0.27946
638.788,0.278217
638.895,0.276034
639.002,0.275151
639.109,0.272611
639.215,0.271477
639.322,0.268824
639.429,0.267748
639.535,0.265428
639.642,0.264792
639.749,0.262942
639.855,0.261975
639.962,0.260123
640.069,0.258908
640.175,0.256367
640.282,0.255924
640.388,0.254214
640.495,0.253162
640.601,0.251755
640.708,0.250733
640.814,0.249242
640.92,0.248357
641.027,0.247114
641.133,0.24692
641.24,0.245898
641.346,0.244987
641.452,0.24344
641.559,0.242445
641.665,0.240871
641.771,0.240457
641.878,0.239297
641.984,0.238937
642.09,0.237611
642.196,0.236617
642.302,0.23496
642.409,0.234407
642.515,0.232501
642.621,0.231673
642.727,0.229352
642.833,0.228413
642.939,0.225955
643.045,0.225347
643.151,0.223524
643.257,0.223027
643.363,0.221922
643.469,0.221425
643.575,0.219795
643.681,0.219574
643.787,0.218082
643.893,0.217668
643.999,0.215845
644.105,0.215513
644.211,0.214215
644.317,0.213359
644.423,0.211508
644.529,0.211232
644.634,0.209215
644.74,0.208359
644.846,0.206729
644.952,0.20579
645.057,0.204077
645.163,0.202972
645.269,0.201619
645.375,0.201343
645.48,0.199547
645.586,0.198967
645.691,0.197393
645.797,0.196923
645.903,0.195487
646.008,0.194603
646.114,0.193415
646.219,0.193028
646.325,0.190791
646.43,0.190542
646.536,0.189133
646.641,0.188553
646.747,0.187062
646.852,0.186095
646.958,0.184355
647.063,0.183637
647.168,0.181896
647.274,0.181482
647.379,0.180045
647.485,0.180045
647.59,0.178526
647.695,0.17836
647.8,0.177946
647.906,0.177559
648.011,0.176151
648.116,0.175985
648.221,0.17477
648.327,0.173941
648.432,0.171841
648.537,0.171372
648.642,0.169411
648.747,0.168168
648.852,0.16698
648.957,0.166897
649.062,0.165682
649.167,0.165516
649.272,0.164107
649.377,0.164052
649.482,0.162698
649.587,0.162091
649.692,0.160875
649.797,0.161124
649.902,0.159798
650.007,0.158969
650.112,0.157754
650.217,0.15803
650.322,0.157257
650.427,0.157505
650.531,0.157312
650.636,0.157616
650.741,0.156456
650.846,0.156456
650.95,0.156511
651.055,0.156925
651.16,0.15571
651.265,0.155958
651.369,0.155406
651.474,0.155406
651.579,0.154964
651.683,0.155323
651.788,0.154881
651.892,0.154633
651.997,0.154412
652.101,0.15524
652.206,0.155102
652.311,0.155323
652.415,0.155461
652.52,0.155958
652.624,0.15582
652.728,0.155986
652.833,0.155848
652.937,0.156207
653.042,0.156235
653.146,0.157063
653.25,0.15698
653.355,0.157091
653.459,0.157146
653.563,0.157671
653.668,0.157699
653.772,0.15792
653.876,0.157561
653.98,0.158085
654.085,0.15792
654.189,0.158804
654.293,0.159163
654.397,0.159798
654.501,0.159881
654.605,0.160544
654.709,0.16082
654.814,0.161538
654.918,0.161428
655.022,0.161787
655.126,0.16198
655.23,0.162864
655.334,0.163389
655.438,0.163886
655.542,0.164908
655.646,0.165986
655.75,0.166262
655.853,0.16709
655.957,0.167367
656.061,0.168168
656.165,0.167974
656.269,0.168251
656.373,0.168803
656.477,0.169355
656.58,0.170156
656.684,0.170985
656.788,0.171759
656.892,0.172311
656.995,0.172615
657.099,0.173527
657.203,0.174107
657.306,0.175018
657.41,0.175626
657.514,0.175792
657.617,0.17651
657.721,0.17709
657.824,0.177698
657.928,0.178554
658.032,0.179244
658.135,0.179935
658.239,0.180101
658.342,0.18046
658.445,0.180791
658.549,0.181206
658.652,0.181316
658.756,0.181648
658.859,0.181316
658.963,0.18231
659.066,0.182283
659.169,0.182863
659.273,0.182808
659.376,0.183416
659.479,0.182918
659.582,0.183554
659.686,0.183526
659.789,0.183968
659.892,0.183664
659.995,0.184244
660.099,0.183885
660.202,0.184051
660.305,0.184189
660.408,0.184907
660.511,0.183858
660.614,0.184106
660.717,0.18336
660.82,0.182946
660.923,0.181952
661.026,0.182089
661.129,0.181896
661.232,0.181399
661.335,0.181012
661.438,0.181372
661.541,0.181012
661.644,0.181648
661.747,0.181178
661.85,0.181813
661.953,0.181178
662.056,0.18115
662.159,0.180322
662.261,0.179631
662.364,0.179106
662.467,0.178471
662.57,0.17767
662.672,0.176897
662.775,0.175515
662.878,0.175294
662.981,0.174383
663.083,0.173803
663.186,0.173333
663.288,0.172808
663.391,0.172062
663.494,0.171317
663.596,0.170626
663.699,0.170709
663.801,0.170101
663.904,0.170184
664.006,0.169411
664.109,0.168858
664.211,0.168416
664.314,0.168499
664.416,0.16803
664.519,0.168085
664.621,0.167311
664.723,0.166566
664.826,0.165378
664.928,0.165599
665.031,0.165129
665.133,0.165102
665.235,0.163555
665.337,0.163361
665.44,0.163168
665.542,0.163113
665.644,0.162533
665.746,0.16187
665.849,0.161345
665.951,0.161317
666.053,0.159991
666.155,0.160848
666.257,0.159853
666.359,0.158859
666.461,0.157671
666.563,0.157837
666.665,0.157533
666.767,0.15698
666.869,0.156953
666.971,0.157119
667.073,0.156318
667.175,0.156925
667.277,0.15687
667.379,0.15687
667.481,0.156041
667.583,0.156262
667.685,0.156124
667.787,0.15582
667.889,0.155599
667.99,0.155627
668.092,0.15455
668.194,0.155102
668.296,0.154936
668.398,0.155351
668.499,0.154936
668.601,0.155434
668.703,0.154991
668.804,0.155047
668.906,0.154522
669.008,0.155406
669.109,0.154743
669.211,0.155185
669.312,0.154771
669.414,0.155572
669.516,0.155047
669.617,0.154854
669.719,0.15466
669.82,0.155351
669.922,0.15466
670.023,0.155489
670.125,0.154881
670.226,0.155268
670.327,0.155019
670.429,0.154964
670.53,0.155157
670.631,0.155544
670.733,0.15513
670.834,0.155378
670.935,0.154494
671.037,0.154936
671.138,0.154439
671.239,0.153859
671.34,0.153776
671.442,0.154329
671.543,0.153832
671.644,0.153942
671.745,0.153583
671.846,0.153279
671.947,0.152699
672.049,0.152809
672.15,0.152423
672.251,0.152257
672.352,0.151677
672.453,0.151401
672.554,0.150572
672.655,0.150793
672.756,0.151124
672.857,0.151345
672.958,0.151207
673.059,0.151677
673.16,0.152119
673.261,0.151401
673.361,0.151318
673.462,0.151456
673.563,0.151207
673.664,0.15118
673.765,0.150627
673.866,0.150296
673.966,0.149495
674.067,0.148666
674.168,0.148749
674.268,0.148859
674.369,0.148362
674.47,0.14839
674.571,0.147313
674.671,0.147506
674.772,0.146788
674.872,0.146788
674.973,0.146263
675.074,0.146014
675.174,0.144633
675.275,0.144522
675.375,0.143804
675.476,0.143362
675.576,0.142147
675.677,0.142368
675.777,0.141567
675.878,0.141539
675.978,0.140572
676.078,0.141235
676.179,0.140766
676.279,0.14002
676.379,0.139771
676.48,0.140213
676.58,0.139164
676.68,0.138888
676.781,0.137893
676.881,0.1377
676.981,0.136623
677.081,0.135545
677.182,0.134716
677.282,0.133943
677.382,0.132617
677.482,0.13165
677.582,0.130518
677.682,0.130103
677.782,0.129275
677.883,0.128584
677.983,0.128115
678.083,0.127728
678.183,0.127176
678.283,0.126568
678.383,0.126678
678.483,0.125933
678.583,0.124827
678.683,0.124385
678.782,0.122839
678.882,0.121872
678.982,0.12038
679.082,0.119828
679.182,0.118833
679.282,0.117148
679.382,0.116265
679.481,0.115436
679.581,0.114441
679.681,0.11411
679.781,0.113392
679.88,0.113088
679.98,0.111762
680.08,0.11248
680.179,0.111596
680.279,0.110657
680.379,0.109773
680.478,0.109055
680.578,0.107977
680.678,0.107176
680.777,0.106458
680.877,0.105547
680.976,0.102867
681.076,0.102343
681.175,0.101818
681.275,0.100685
681.374,0.0993869
681.474,0.0988067
681.573,0.0981715
681.672,0.0972875
681.772,0.0964865
681.871,0.0966799
681.97,0.0959341
682.07,0.0953817
682.169,0.0950224
682.268,0.0948844
682.368,0.0941938
682.467,0.0935032
682.566,0.0926194
682.665,0.0916802
682.765,0.0900503
682.864,0.0899675
682.963,0.0892769
683.062,0.0883653
683.161,0.0873987
683.26,0.0868736
683.36,0.0859623
683.459,0.0856861
683.558,0.0849678
683.657,0.0845258
683.756,0.0830618
683.855,0.0826473
683.954,0.0819015
684.053,0.0810177
684.152,0.0798575
684.251,0.0797747
684.35,0.0787527
684.449,0.0788631
684.547,0.0776752
684.646,0.0773439
684.745,0.0762666
684.844,0.0757142
684.943,0.0750512
685.042,0.0750236
685.14,0.0741396
685.239,0.0739462
685.338,0.0731728
685.437,0.0731176
685.535,0.0728966
685.634,0.0724269
685.733,0.0720404
685.831,0.0716535
685.93,0.0709629
686.029,0.0703553
686.127,0.0698581
686.226,0.0692781
686.324,0.0683941
686.423,0.0682561
686.521,0.0682561
686.62,0.0678141
686.718,0.0669024
686.817,0.06635
686.915,0.065908
687.014,0.065687
687.112,0.0655214
687.211,0.0652728
687.309,0.064306
687.408,0.0638364
687.506,0.063643
687.604,0.0633944
687.703,0.0630075
687.801,0.0625934
687.899,0.0617645
687.997,0.0609083
688.096,0.0609359
688.194,0.0605769
688.292,0.0598863
688.39,0.0599139
688.488,0.0600521
688.587,0.0601073
688.685,0.0598863
688.783,0.0595825
688.881,0.0599415
688.979,0.0600243
689.077,0.0601625
689.175,0.0602729
689.273,0.0598035
689.371,0.0592509
689.469,0.0591405
689.567,0.0591957
689.665,0.0588919
689.763,0.0582564
689.861,0.057925
689.959,0.057925
690.057,0.0578974
690.155,0.0579802
690.253,0.0580909
690.351,0.0577316
690.448,0.0572068
690.546,0.0574278
690.644,0.0572896
690.742,0.0567648
690.839,0.0565438
690.937,0.0559362
691.035,0.055218
691.133,0.05508
691.23,0.0545828
691.328,0.0543894
691.426,0.0544998
691.523,0.0542787
691.621,0.0544998
691.718,0.054196
691.816,0.0541408
691.914,0.0540301
692.011,0.0540577
692.109,0.0545274
692.206,0.0546104
692.304,0.054196
692.401,0.0546656
692.499,0.0546656
692.596,0.0541408
692.693,0.0543894
692.791,0.0542787
692.888,0.0537539
692.986,0.0529805
693.083,0.0526767
693.18,0.0523453
693.278,0.0518203
693.375,0.0512679
693.472,0.0512955
693.569,0.0507707
693.667,0.0507431
693.764,0.0509641
693.861,0.0510469
693.958,0.0509917
694.055,0.0506603
694.153,0.0508259
694.25,0.0507155
694.347,0.0507431
694.444,0.0511575
694.541,0.0514061
694.638,0.0508813
694.735,0.0507155
694.832,0.0508813
694.929,0.0511575
695.026,0.0507155
695.123,0.0509917
695.22,0.0506327
695.317,0.0499973
695.414,0.0495001
695.511,0.0496659
695.608,0.0498314
695.705,0.0496107
695.801,0.0495001
695.898,0.0495828
695.995,0.0495276
696.092,0.0494449
696.189,0.0493897
696.285,0.049279
696.382,0.0491411
696.479,0.0490028
696.576,0.0489752
696.672,0.0488649
696.769,0.0486439
696.866,0.0483398
696.962,0.0479532
697.059,0.0483122
697.155,0.0484504
697.252,0.0482846
697.349,0.0481191
697.445,0.0479256
697.542,0.0478426
697.638,0.047594
697.735,0.0479532
697.831,0.0480912
697.928,0.047898
698.024,0.0476218
698.121,0.0477598
698.217,0.048257
698.313,0.0484228
698.41,0.0484504
698.506,0.048699
698.602,0.0480636
698.699,0.048257
698.795,0.0475388
698.891,0.0474008
698.988,0.0469864
699.084,0.0466274
699.18,0.046793
699.276,0.046572
699.372,0.0463788
699.469,0.0462682
699.565,0.046793
699.661,0.0473732
699.757,0.0476218
699.853,0.048036
699.949,0.0482846
700.045,0.0478426
700.141,0.047815
700.237,0.0477322
700.333,0.0479532
700.429,0.0473178
700.525,0.0473454
700.621,0.0472626
700.717,0.0469312
700.813,0.0464892
700.909,0.0464616
701.005,0.0461578
701.101,0.0460748
701.197,0.045992
701.293,0.045992
701.388,0.045633
701.484,0.045771
701.58,0.045771
701.676,0.0457434
701.772,0.0460472
701.867,0.0463788
701.963,0.046351
702.059,0.0465444
702.154,0.0465996
702.25,0.0466274
702.346,0.0462958
702.441,0.0461024
702.537,0.0458816
702.632,0.045771
702.728,0.045633
702.824,0.0459092
702.919,0.045329
703.015,0.0450528
703.11,0.0447214
703.206,0.0448041
703.301,0.0449424
703.397,0.0446386
703.492,0.0446938
703.587,0.0446107
703.683,0.0445004
703.778,0.0449424
703.874,0.0448317
703.969,0.0453565
704.064,0.045771
704.159,0.0457434
704.255,0.0460196
704.35,0.04555
704.445,0.0456882
704.541,0.0453014
704.636,0.0449148
704.731,0.0449148
704.826,0.0445004
704.921,0.0443069
705.016,0.0446386
705.112,0.0450803
705.207,0.045191
705.302,0.0453844
705.397,0.0455224
705.492,0.0455224
705.587,0.0458538
705.682,0.0460748
705.777,0.0457158
705.872,0.0456052
705.967,0.0457434
706.062,0.045633
706.157,0.0457158
706.252,0.0457986
706.347,0.0458816
706.442,0.0457986
706.536,0.0456882
706.631,0.0454396
706.726,0.04555
706.821,0.0448593
706.916,0.0452462
707.01,0.0448593
707.105,0.0448041
707.2,0.0444176
707.295,0.04439
707.389,0.0444452
707.484,0.0446662
707.579,0.0443621
707.673,0.0448317
707.768,0.0447214
707.863,0.0445279
707.957,0.0445831
708.052,0.0449424
708.146,0.0449976
708.241,0.0445831
708.335,0.0446107
708.43,0.0441966
708.524,0.0436718
708.619,0.0434507
708.713,0.0438928
708.808,0.0437269
708.902,0.0436163
708.997,0.0430363
709.091,0.0430915
709.185,0.0428429
709.28,0.0432573
709.374,0.0428983
709.468,0.0429811
709.563,0.0426773
709.657,0.0428429
709.751,0.0427325
709.845,0.0430639
709.94,0.0429259
710.034,0.0427877
710.128,0.0425943
710.222,0.0431469
710.316,0.0426773
710.41,0.0423457
710.505,0.0420419
710.599,0.0422077
710.693,0.0420695
710.787,0.0420695
710.881,0.0422905
710.975,0.0420419
711.069,0.0418761
711.163,0.0421247
711.257,0.0422629
711.351,0.0422629
711.445,0.0421525
711.539,0.0419039
711.633,0.0418485
711.727,0.0417933
711.82,0.0417657
711.914,0.0414343
712.008,0.0412133
712.102,0.0411027
712.196,0.0407437
712.289,0.0410199
712.383,0.0408817
712.477,0.0409923
712.571,0.0405779
712.664,0.0409371
712.758,0.0409371
712.852,0.0406055
712.945,0.0405227
713.039,0.0407161
713.133,0.039832
713.226,0.0401637
713.32,0.0398872
713.413,0.0397493
713.507,0.039031
713.601,0.0385614
713.694,0.0385614
713.788,0.0383956
713.881,0.0381194
713.975,0.0382576
714.068,0.0375394
714.161,0.0372356
714.255,0.036987
714.348,0.0370974
714.442,0.0369318
714.535,0.0366278
714.628,0.0362412
714.722,0.0357716
714.815,0.0353296
714.908,0.0352744
715.001,0.0352192
715.095,0.0351916
715.188,0.0348323
715.281,0.0351916
715.374,0.0351085
715.467,0.0351637
715.561,0.034943
715.654,0.0348875
715.747,0.0342523
715.84,0.0343627
715.933,0.0339761
716.026,0.0336169
716.119,0.0332027
716.212,0.0328987
716.305,0.0329263
716.398,0.0329263
716.491,0.0328159
716.584,0.0331197
716.677,0.0323463
716.77,0.0323739
716.863,0.0319873
716.956,0.0317387
717.049,0.0315177
717.142,0.0308271
717.234,0.0306336
717.327,0.030164
717.42,0.0296668
717.513,0.029943
717.606,0.029805
717.698,0.0300261
717.791,0.029363
717.884,0.0292526
717.977,0.0292526
718.069,0.0288934
718.162,0.0287
718.255,0.0288658
718.347,0.0283134
718.44,0.0282028
718.532,0.027678
718.625,0.0279542
718.718,0.0277056
718.81,0.027761
718.903,0.02754
718.995,0.027319
719.088,0.0268218
719.18,0.0269598
719.272,0.0262694
719.365,0.026739
719.457,0.0266008
719.55,0.0264625
719.642,0.0257722
719.734,0.025496
719.827,0.0254129
719.919,0.0253577
720.011,0.0245843
720.104,0.0247501
720.196,0.0240042
720.288,0.0237833
720.38,0.0233413
720.473,0.0233689
720.565,0.0229822
720.657,0.0228441
720.749,0.0228717
720.841,0.0231479
720.934,0.0231755
721.026,0.0233965
721.118,0.0231203
721.21,0.0229822
721.302,0.0226507
721.394,0.0230374
721.486,0.0226507
721.578,0.0224297
721.67,0.0219877
721.762,0.0215182
721.854,0.0209105
721.946,0.0213248
722.038,0.0214629
722.13,0.0214905
722.222,0.0214353
722.313,0.0214629
722.405,0.0212143
722.497,0.021601
722.589,0.0216839
722.681,0.021822
722.772,0.021021
722.864,0.020579
722.956,0.020358
723.048,0.0200266
723.139,0.0198884
723.231,0.0202752
723.323,0.0197503
723.414,0.0197779
723.506,0.0199713
723.598,0.0199713
723.689,0.0202199
723.781,0.0205514
723.872,0.0204133
723.964,0.0206895
724.055,0.0198332
724.147,0.0196122
724.238,0.0189769
724.33,0.0187835
724.421,0.0187006
724.513,0.0185073
724.604,0.0178996
724.696,0.0178167
724.787,0.017209
724.878,0.0174576
724.97,0.0172919
725.061,0.0174576
725.152,0.016767
725.244,0.0167394
725.335,0.0162146
725.426,0.015966
725.517,0.0159936
725.609,0.0158555
725.7,0.0154964
725.791,0.0152754
725.882,0.0146953
725.973,0.0149163
726.065,0.0146677
726.156,0.0149992
726.247,0.0149163
726.338,0.0147782
726.429,0.0150268
726.52,0.0149992
726.611,0.0147782
726.702,0.0151649
726.793,0.0146953
726.884,0.0148887
726.975,0.014723
727.066,0.0147782
727.157,0.0148611
727.248,0.0149163
727.339,0.0146953
727.429,0.0149716
727.52,0.0146125
727.611,0.0149716
727.702,0.014281
727.793,0.01406
727.884,0.0139771
727.974,0.0135904
728.065,0.0133971
728.156,0.0136181
728.247,0.0135075
728.337,0.0133971
728.428,0.0133142
728.519,0.0135075
728.609,0.0137285
728.7,0.0139219
728.79,0.0140876
728.881,0.0137285
728.972,0.0135628
729.062,0.0136733
729.153,0.0134523
729.243,0.0133694
729.334,0.0133971
729.424,0.0132037
729.515,0.0130932
729.605,0.0127894
729.695,0.0127341
729.786,0.0127341
729.876,0.012596
729.967,0.0132037
730.057,0.0129551
730.147,0.0131761
730.238,0.0129827
730.328,0.0126513
730.418,0.0126513
730.509,0.0129551
730.599,0.0129275
730.689,0.013038
730.779,0.0124026
730.869,0.012375
730.96,0.0120712
731.05,0.012154
731.14,0.0119607
731.23,0.0119883
731.32,0.0114911
731.41,0.0113254
731.5,0.0111596
731.59,0.0114911
731.68,0.0116016
731.77,0.0117949
731.86,0.011353
731.95,0.0117673
732.04,0.0115187
732.13,0.0120712
732.22,0.0119331
732.31,0.0122093
732.4,0.0133418
732.49,0.0134523
732.58,0.012817
732.67,0.0133418
732.759,0.0129827
732.849,0.0129827
732.939,0.0124855
733.029,0.0127341
733.119,0.0120712
733.208,0.010911
733.298,0.0103033
733.388,0.0105519
733.477,0.0101376
733.567,0.0106624
733.657,0.0106624
733.746,0.0108834
733.836,0.0103033
733.926,0.0103862
734.015,0.00975085
734.105,0.0102481
734.194,0.0100547
734.284,0.0101928
734.373,0.00950224
734.463,0.00955748
734.552,0.00906027
734.642,0.009447
734.731,0.00966799
734.821,0.0100823
734.91,0.00975085
734.999,0.01011
735.089,0.00930888
735.178,0.009447
735.267,0.00925364
735.357,0.00947462
735.446,0.00925364
735.535,0.00903265
735.624,0.00883931
735.714,0.00867357
735.803,0.00845258
735.892,0.00947462
735.981,0.00925364
736.07,0.00950224
736.16,0.00947462
736.249,0.00972323
736.338,0.00955748
736.427,0.00972323
736.516,0.00988897
736.605,0.00972323
736.694,0.00900503
736.783,0.00892217
736.872,0.00856306
736.961,0.00853544
737.05,0.00861833
737.139,0.00864595
737.228,0.0082316
737.317,0.00859071
737.406,0.00881167
737.495,0.00908792
737.584,0.00886693
737.672,0.00914316
737.761,0.00908792
737.85,0.00878405
737.939,0.00881167
738.028,0.009447
738.116,0.00892217
738.205,0.00856306
738.294,0.0083421
738.383,0.00861833
738.471,0.00803823
738.56,0.00778963
738.649,0.00734768
738.737,0.00729241
738.826,0.00673996
738.915,0.00671234
739.003,0.00651898
739.092,0.00660186
739.18,0.0064085
739.269,0.00657422
739.357,0.00668472
739.446,0.00720955
739.534,0.00707143
739.623,0.00743054
739.711,0.00732003
739.8,0.00773439
739.888,0.00743054
739.976,0.00767914
740.065,0.00787251
740.153,0.0080935
740.241,0.00801061
740.33,0.00831446
740.418,0.00745816
740.506,0.0075134
740.595,0.00715431
740.683,0.00745816
740.771,0.00723717
740.859,0.00732003
740.947,0.00729241
741.036,0.00734768
741.124,0.00696095
741.212,0.00759628
741.3,0.00754102
741.388,0.00770677
741.476,0.00759628
741.564,0.0084802
741.652,0.00831446
741.74,0.0082316
741.828,0.00806585
741.916,0.00836972
742.004,0.00787251
742.092,0.00814874
742.18,0.00798299
742.268,0.00790013
742.356,0.00701619
742.444,0.00693333
742.532,0.00693333
742.62,0.00693333
742.708,0.00660186
742.795,0.00726479
742.883,0.00676758
742.971,0.00712669
743.059,0.00720955
743.146,0.00723717
743.234,0.00726479
743.322,0.00687809
743.41,0.00657422
743.497,0.00657422
743.585,0.00607701
743.673,0.00624275
743.76,0.00574554
743.848,0.0055798
743.935,0.00533119
744.023,0.00541408
744.111,0.00560744
744.198,0.00571792
744.286,0.00549694
744.373,0.00563506
744.461,0.00560744
744.548,0.00596653
744.635,0.00593891
744.723,0.00596653
744.81,0.00533119
744.898,0.00522071
744.985,0.00502735
745.072,0.0054417
745.16,0.00508259
745.247,0.00519309
745.334,0.00483398
745.422,0.00464064
745.509,0.00439204
745.596,0.00480636
745.683,0.00453014
745.771,0.00455776
745.858,0.00430915
745.945,0.00477874
746.032,0.00458538
746.119,0.00455776
746.206,0.00455776
746.294,0.00499973
746.381,0.0044749
746.468,0.00480636
746.555,0.00502735
746.642,0.00530357
746.729,0.00499973
746.816,0.00491687
746.903,0.00475112
746.99,0.00488925
747.077,0.00469588
747.164,0.00505497
747.251,0.00483398
747.338,0.00488925
747.424,0.00450252
747.511,0.00453014
747.598,0.00469588
747.685,0.00513785
747.772,0.00508259
747.859,0.00535884
747.945,0.00541408
748.032,0.00530357
748.119,0.00486163
748.206,0.00519309
748.292,0.00549694
748.379,0.00560744
748.466,0.0054417
748.552,0.0058284
748.639,0.00599415
748.725,0.00621513
748.812,0.00632561
748.899,0.00671234
748.985,0.00649136
749.072,0.00621513
749.158,0.00585605
749.245,0.00615989
749.331,0.0055798
749.418,0.00519309
749.504,0.00466826
749.591,0.00497211
749.677,0.00486163
749.763,0.00458538
749.85,0.00428153
749.936,0.00436442
750.023,0.0038672
750.109,0.00400531
750.195,0.00403293
750.281,0.00441966
750.368,0.00381194
750.454,0.00356333
750.54,0.0037567
750.626,0.00395007
750.713,0.00378432
750.799,0.00395007
750.885,0.00400531
750.971,0.00406055
751.057,0.00395007
751.143,0.00408817
751.23,0.00406055
751.316,0.00417105
751.402,0.00378432
751.488,0.00397769
751.574,0.00372908
751.66,0.0037567
751.746,0.00372908
751.832,0.0036186
751.918,0.0037567
752.004,0.00367384
752.09,0.00342523
752.175,0.00359095
752.261,0.00353571
752.347,0.00383956
752.433,0.00364622
752.519,0.00350809
752.605,0.00350809
752.69,0.00356333
752.776,0.00381194
752.862,0.00425391
752.948,0.00439204
753.033,0.00439204
753.119,0.00400531
753.205,0.00422629
753.291,0.00469588
753.376,0.00464064
753.462,0.00444728
753.547,0.00475112
753.633,0.00433677
753.719,0.00488925
753.804,0.00466826
753.89,0.00502735
753.975,0.00499973
754.061,0.00469588
754.146,0.0044749
754.232,0.00464064
754.317,0.00422629
754.403,0.00441966
754.488,0.00395007
754.574,0.00436442
754.659,0.00444728
754.744,0.00464064
754.83,0.00430915
754.915,0.00480636
755,0.00491687
755.086,0.00502735
755.171,0.00524833
755.256,0.00530357
755.341,0.00491687
755.427,0.00486163
755.512,0.0047235
755.597,0.00499973
755.682,0.00469588
755.767,0.00461302
755.852,0.00433677
755.938,0.00383956
756.023,0.00378432
756.108,0.00406055
756.193,0.00364622
756.278,0.0037567
756.363,0.0036186
756.448,0.0037567
756.533,0.00345285
756.618,0.00389483
756.703,0.00400531
756.788,0.00406055
756.873,0.00400531
756.958,0.00436442
757.043,0.00392245
757.127,0.00395007
757.212,0.00381194
757.297,0.00417105
757.382,0.00395007
757.467,0.00417105
757.552,0.00403293
757.636,0.00414343
757.721,0.00411581
757.806,0.00444728
757.891,0.00464064
757.975,0.00491687
758.06,0.00494449
758.145,0.00497211
758.229,0.00441966
758.314,0.00461302
758.398,0.00428153
758.483,0.00414343
758.568,0.00372908
758.652,0.00339761
758.737,0.0030385
758.821,0.00328711
758.906,0.00323187
758.99,0.00372908
759.075,0.00348047
759.159,0.00389483
759.244,0.00392245
759.328,0.00428153
759.412,0.00425391
759.497,0.00466826
759.581,0.00453014
759.665,0.0047235
759.75,0.00464064
759.834,0.00486163
759.918,0.00444728
760.003,0.00455776
760.087,0.00441966
760.171,0.00461302
760.255,0.00464064
760.34,0.00444728
760.424,0.00406055
760.508,0.00411581
760.592,0.00397769
760.676,0.00414343
760.76,0.0037567
760.844,0.00389483
760.928,0.00392245
761.013,0.00359095
761.097,0.00364622
761.181,0.00392245
761.265,0.00397769
761.349,0.00417105
761.433,0.00408817
761.516,0.00397769
761.6,0.00364622
761.684,0.00345285
761.768,0.00331473
761.852,0.00348047
761.936,0.00336999
762.02,0.00314901
762.104,0.00273466
762.187,0.00273466
762.271,0.00317663
762.355,0.00325949
762.439,0.00320425
762.523,0.00323187
762.606,0.00287278
762.69,0.00312139
762.774,0.00292802
762.857,0.0030385
762.941,0.00320425
763.025,0.00339761
763.108,0.0037567
763.192,0.00425391
763.275,0.00441966
763.359,0.00444728
763.442,0.00425391
763.526,0.00464064
763.61,0.00439204
763.693,0.00453014
763.776,0.00417105
763.86,0.00406055
763.943,0.00345285
764.027,0.00356333
764.11,0.00328711
764.194,0.00334235
764.277,0.00328711
764.36,0.00356333
764.444,0.00320425
764.527,0.00359095
764.61,0.00348047
764.694,0.00403293
764.777,0.00417105
764.86,0.00433677
764.943,0.00406055
765.026,0.00403293
765.11,0.00433677
765.193,0.00436442
765.276,0.00383956
765.359,0.00411581
765.442,0.00367384
765.525,0.00353571
765.608,0.00364622
765.691,0.00395007
765.775,0.0037567
765.858,0.00353571
765.941,0.00356333
766.024,0.00372908
766.107,0.00364622
766.189,0.00422629
766.272,0.00400531
766.355,0.00381194
766.438,0.00359095
766.521,0.00392245
766.604,0.00406055
766.687,0.00389483
766.77,0.00403293
766.853,0.00397769
766.935,0.0036186
767.018,0.00378432
767.101,0.00395007
767.184,0.00400531
767.266,0.00348047
767.349,0.00331473
767.432,0.00348047
767.514,0.00364622
767.597,0.00339761
767.68,0.00328711
767.762,0.00312139
767.845,0.00314901
767.927,0.00309374
768.01,0.00331473
768.093,0.00342523
768.175,0.00359095
768.258,0.00312139
768.34,0.00323187
768.423,0.00328711
768.505,0.00334235
768.588,0.00320425
768.67,0.00356333
768.752,0.00339761
768.835,0.00342523
768.917,0.00312139
768.999,0.00328711
769.082,0.00320425
769.164,0.00339761
769.246,0.00317663
769.329,0.00339761
769.411,0.00306612
769.493,0.0037567
769.575,0.00342523
769.658,0.00356333
769.74,0.00336999
769.822,0.00336999
769.904,0.00309374
769.986,0.00334235
770.068,0.00309374
770.151,0.00325949
770.233,0.0026518
770.315,0.00306612
770.397,0.0026518
770.479,0.00298326
770.561,0.00284514
770.643,0.00298326
770.725,0.00295564
770.807,0.00292802
770.889,0.00256891
770.971,0.00295564
771.053,0.00270704
771.135,0.00441966
771.216,0.00417105
771.298,0.00422629
771.38,0.00389483
771.462,0.00367384
771.544,0.00370146
771.625,0.00378432
771.707,0.00342523
771.789,0.00356333
771.871,0.00215458
771.952,0.00223745
772.034,0.00223745
772.116,0.00243081
772.198,0.00262418
772.279,0.0029004
772.361,0.0029004
772.442,0.00281752
772.524,0.00251367
772.606,0.00248605
772.687,0.00248605
772.769,0.00262418
772.85,0.00254129
772.932,0.00295564
773.013,0.00281752
773.095,0.0029004
773.176,0.00323187
773.258,0.00342523
773.339,0.00339761
773.42,0.0036186
773.502,0.0036186
773.583,0.00364622
773.664,0.00320425
773.746,0.00320425
773.827,0.00306612
773.908,0.00328711
773.99,0.00309374
774.071,0.00314901
774.152,0.0027899
774.233,0.00273466
774.315,0.00276228
774.396,0.0027899
774.477,0.00284514
774.558,0.00292802
774.639,0.00254129
774.72,0.00276228
774.801,0.00254129
774.882,0.00276228
774.963,0.00270704
775.045,0.00281752
775.126,0.00273466
775.207,0.00262418
775.288,0.00245843
775.369,0.00270704
775.449,0.00259653
775.53,0.00292802
775.611,0.00245843
775.692,0.00254129
775.773,0.00245843
775.854,0.00237556
775.935,0.00229269
776.016,0.00240319
776.096,0.0021822
776.177,0.00240319
776.258,0.00245843
776.339,0.00306612
776.42,0.0030385
776.5,0.00295564
776.581,0.00323187
776.662,0.00339761
776.742,0.00334235
776.823,0.0030385
776.904,0.0030385
776.984,0.00314901
777.065,0.0029004
777.145,0.0030385
777.226,0.00323187
777.307,0.00334235
777.387,0.00317663
777.468,0.00325949
777.548,0.00356333
777.629,0.00334235
777.709,0.0029004
777.789,0.00298326
777.87,0.00292802
777.95,0.00312139
778.031,0.00306612
778.111,0.00320425
778.191,0.00328711
778.272,0.00317663
778.352,0.00345285
778.432,0.00364622
778.513,0.00364622
778.593,0.0037567
778.673,0.0036186
778.753,0.00334235
778.834,0.00314901
778.914,0.00323187
778.994,0.00314901
779.074,0.00301088
779.154,0.00325949
779.234,0.00325949
779.314,0.00309374
779.394,0.00273466
779.475,0.00273466
779.555,0.00323187
779.635,0.0029004
779.715,0.00298326
779.795,0.0027899
779.875,0.00273466
779.955,0.00248605
780.035,0.00251367
780.114,0.00248605
780.194,0.00251367
780.274,0.00204409
780.354,0.00240319
780.434,0.00223745
780.514,0.00240319
780.594,0.00209933
780.673,0.00240319
780.753,0.00234794
780.833,0.00292802
780.913,0.00270704
780.992,0.00273466
781.072,0.00245843
781.152,0.00262418
781.232,0.00256891
781.311,0.00312139
781.391,0.00298326
781.47,0.00301088
781.55,0.00240319
781.63,0.00251367
781.709,0.00256891
781.789,0.00259653
781.868,0.00276228
781.948,0.00298326
782.027,0.00256891
782.107,0.00276228
782.186,0.0026518
782.266,0.00298326
782.345,0.00314901
782.425,0.00348047
782.504,0.00325949
782.583,0.00312139
782.663,0.00262418
782.742,0.00273466
782.821,0.00254129
782.901,0.00270704
782.98,0.00262418
783.059,0.00273466
783.138,0.00251367
783.218,0.00331473
783.297,0.00325949
783.376,0.00348047
783.455,0.00328711
783.534,0.00306612
783.614,0.00287278
783.693,0.00273466
783.772,0.0026518
783.851,0.00243081
783.93,0.00174024
784.009,0.0018231
784.088,0.00174024
784.167,0.00196122
784.246,0.0021822
784.325,0.00243081
784.404,0.00256891
784.483,0.00256891
784.562,0.00259653
784.641,0.00292802
784.72,0.0027899
784.799,0.00292802
784.877,0.00254129
784.956,0.00245843
785.035,0.00226507
785.114,0.00240319
785.193,0.00232032
785.271,0.00243081
785.35,0.00226507
785.429,0.0027899
785.508,0.00240319
785.586,0.00281752
785.665,0.00295564
785.744,0.00298326
785.822,0.00267942
785.901,0.0027899
785.98,0.00259653
786.058,0.0026518
786.137,0.00232032
786.215,0.00276228
786.294,0.00245843
786.372,0.00234794
786.451,0.00237556
786.529,0.00273466
786.608,0.00254129
786.686,0.00306612
786.765,0.00342523
786.843,0.00356333
786.922,0.00353571
787,0.00370146
787.078,0.0036186
787.157,0.00367384
787.235,0.00325949
787.313,0.00359095
787.392,0.00301088
787.47,0.00298326
787.548,0.00295564
787.626,0.00295564
787.705,0.00273466
787.783,0.00287278
787.861,0.00270704
787.939,0.00281752
788.017,0.00243081
788.095,0.00251367
788.174,0.00204409
788.252,0.00149163
788.33,0.00168499
788.408,0.00215458
788.486,0.00381194
788.564,0.00422629
788.642,0.00428153
788.72,0.00455776
788.798,0.00453014
788.876,0.00455776
788.954,0.00486163
789.032,0.00480636
789.11,0.00453014
789.187,0.00295564
789.265,0.00251367
789.343,0.00270704
789.421,0.00243081
789.499,0.0029004
789.577,0.0027899
789.654,0.0029004
789.732,0.00251367
789.81,0.00259653
789.888,0.00259653
789.965,0.00270704
790.043,0.0026518
790.121,0.0030385
790.198,0.00270704
790.276,0.00314901
790.354,0.00287278
790.431,0.00331473
790.509,0.00309374
790.586,0.00306612
790.664,0.00323187
790.741,0.00320425
790.819,0.00292802
790.896,0.00306612
790.974,0.00276228
791.051,0.00287278
791.129,0.00251367
791.206,0.00254129
791.284,0.00259653
791.361,0.00273466
791.438,0.0026518
791.516,0.00292802
791.593,0.00276228
791.67,0.00320425
791.748,0.00336999
791.825,0.00348047
791.902,0.00345285
791.979,0.00353571
792.057,0.00292802
792.134,0.00276228
792.211,0.00248605
792.288,0.00273466
792.365,0.00226507
792.443,0.0021822
792.52,0.00204409
792.597,0.00207171
792.674,0.00176786
792.751,0.00229269
792.828,0.00259653
792.905,0.00284514
792.982,0.00292802
793.059,0.00301088
793.136,0.00301088
793.213,0.00325949
793.29,0.00339761
793.367,0.00350809
793.444,0.00323187
793.521,0.00314901
793.597,0.00287278
793.674,0.0029004
793.751,0.00287278
793.828,0.0029004
793.905,0.00254129
793.982,0.00245843
794.058,0.00223745
794.135,0.00215458
794.212,0.00179548
794.289,0.0018231
794.365,0.00151925
794.442,0.00165737
794.519,0.00162975
794.595,0.00229269
794.672,0.00220983
794.748,0.00256891
794.825,0.00259653
794.902,0.0029004
794.978,0.00284514
795.055,0.00287278
795.131,0.00284514
795.208,0.00284514
795.284,0.00240319
795.361,0.0026518
795.437,0.00226507
795.514,0.00262418
795.59,0.00256891
795.666,0.00281752
795.743,0.00292802
795.819,0.00309374
795.895,0.00314901
795.972,0.00314901
796.048,0.00281752
796.124,0.00334235
796.201,0.00298326
796.277,0.00314901
796.353,0.0030385
796.429,0.0029004
796.505,0.00254129
796.582,0.00273466
796.658,0.00284514
796.734,0.00320425
796.81,0.0027899
796.886,0.00298326
796.962,0.00270704
797.038,0.00317663
797.114,0.00306612
797.19,0.00320425
797.267,0.00287278
797.343,0.00273466
797.418,0.00259653
797.494,0.00284514
797.57,0.0029004
797.646,0.00312139
797.722,0.00295564
797.798,0.00325949
797.874,0.00323187
797.95,0.00339761
798.026,0.00312139
798.102,0.00342523
798.177,0.00312139
798.253,0.00328711
798.329,0.00331473
798.405,0.00298326
798.48,0.00251367
798.556,0.00245843
798.632,0.00229269
798.708,0.00240319
798.783,0.00198884
798.859,0.00240319
798.934,0.00209933
799.01,0.00212696
799.086,0.00215458
799.161,0.00292802
799.237,0.00309374
799.312,0.00334235
799.388,0.00353571
799.463,0.0036186
799.539,0.00336999
799.614,0.00334235
799.69,0.00298326
799.765,0.00312139
799.841,0.00273466
799.916,0.00267942
799.991,0.00240319
800.067,0.00232032
800.142,0.00215458
800.217,0.0019336
800.293,0.00187835
800.368,0.0019336
800.443,0.00154688
800.519,0.00113254
800.594,0.000883931
800.669,0.00127065
800.744,0.00160212
800.819,0.00165737
800.895,0.00138114
800.97,0.0012154
801.045,0.00497211
801.12,0.00149163
801.195,-0.00198884
